indicator_id,label,period,value,unit,definition,source_name,source_url,origin,notes
cultural_fire_projects,Cultural and prescribed fire projects,2022,35,projects,Projects implemented in the calendar year,BC Cultural and prescribed fire,https://www2.gov.bc.ca/gov/content/safety/wildfire-status/prevention/prescribed-burning,source page (checked 2026-09-20),
cultural_fire_projects,Cultural and prescribed fire projects,2023,23,projects,Projects implemented in the calendar year,BC Cultural and prescribed fire,https://www2.gov.bc.ca/gov/content/safety/wildfire-status/prevention/prescribed-burning,source page (checked 2026-09-20),
cultural_fire_projects,Cultural and prescribed fire projects,2024,48,projects,Projects implemented in the calendar year,BC Cultural and prescribed fire,https://www2.gov.bc.ca/gov/content/safety/wildfire-status/prevention/prescribed-burning,source page (checked 2026-09-20),
cultural_fire_projects,Cultural and prescribed fire projects,2025,76,projects,Projects implemented in the calendar year,BC Cultural and prescribed fire,https://www2.gov.bc.ca/gov/content/safety/wildfire-status/prevention/prescribed-burning,source page (checked 2026-09-20),
cultural_fire_hectares,Cultural and prescribed fire area treated,2022,1647,hectares,Hectares treated,BC Cultural and prescribed fire,https://www2.gov.bc.ca/gov/content/safety/wildfire-status/prevention/prescribed-burning,source page (checked 2026-09-20),
cultural_fire_hectares,Cultural and prescribed fire area treated,2023,2214.4,hectares,Hectares treated,BC Cultural and prescribed fire,https://www2.gov.bc.ca/gov/content/safety/wildfire-status/prevention/prescribed-burning,source page (checked 2026-09-20),
cultural_fire_hectares,Cultural and prescribed fire area treated,2024,3412.8,hectares,Hectares treated,BC Cultural and prescribed fire,https://www2.gov.bc.ca/gov/content/safety/wildfire-status/prevention/prescribed-burning,source page (checked 2026-09-20),
cultural_fire_hectares,Cultural and prescribed fire area treated,2025,6351,hectares,Hectares treated,BC Cultural and prescribed fire,https://www2.gov.bc.ca/gov/content/safety/wildfire-status/prevention/prescribed-burning,source page (checked 2026-09-20),
cultural_fire_first_nations,First Nations involvement in cultural and prescribed fire,2022,15,burn plans,Burn plans developed or co-developed with First Nations,BC Cultural and prescribed fire,https://www2.gov.bc.ca/gov/content/safety/wildfire-status/prevention/prescribed-burning,source page (checked 2026-09-20),Definition differs by year. Do not chart or compare across years.
cultural_fire_first_nations,First Nations involvement in cultural and prescribed fire,2023,5,projects,Projects delivered in partnership with First Nations,BC Cultural and prescribed fire,https://www2.gov.bc.ca/gov/content/safety/wildfire-status/prevention/prescribed-burning,source page (checked 2026-09-20),Definition differs by year. Do not chart or compare across years.
cultural_fire_first_nations,First Nations involvement in cultural and prescribed fire,2024,23,projects,Projects delivered in partnership with First Nations,BC Cultural and prescribed fire,https://www2.gov.bc.ca/gov/content/safety/wildfire-status/prevention/prescribed-burning,source page (checked 2026-09-20),Definition differs by year. Do not chart or compare across years.
cultural_fire_first_nations,First Nations involvement in cultural and prescribed fire,2025,23,projects,Projects delivered with First Nations as proponents,BC Cultural and prescribed fire,https://www2.gov.bc.ca/gov/content/safety/wildfire-status/prevention/prescribed-burning,source page (checked 2026-09-20),Definition differs by year. Do not chart or compare across years.
bc_season_fires,BC wildfires in the season,2023,2245,fires,"Wildfires, April 1 to October 31",BC Wildfire Service season summary,https://www2.gov.bc.ca/gov/content/safety/wildfire-status/about-bcws/wildfire-history/wildfire-season-summary,webinar paper (Sept 2026); not re-checked,
bc_season_hectares,BC area burned in the season,2023,2840545,hectares,"Hectares burned, April 1 to October 31",BC Wildfire Service season summary,https://www2.gov.bc.ca/gov/content/safety/wildfire-status/about-bcws/wildfire-history/wildfire-season-summary,webinar paper (Sept 2026); not re-checked,
bc_season_fires,BC wildfires in the season,2025,1370,fires,Wildfires in the 2025 season,BC Wildfire Service season summary,https://www2.gov.bc.ca/gov/content/safety/wildfire-status/about-bcws/wildfire-history/wildfire-season-summary,source page (checked 2026-09-20),"The webinar paper says ""more than 1,350"" (BC news release 2025FOR0055-001162). Season counts change as incidents are reclassified."
bc_season_hectares,BC area burned in the season,2025,886300,hectares,Hectares burned in the 2025 season,BC Wildfire Service season summary,https://www2.gov.bc.ca/gov/content/safety/wildfire-status/about-bcws/wildfire-history/wildfire-season-summary,source page (checked 2026-09-20),"The webinar paper says 886,360 (BC news release). Reporting windows and snapshots differ slightly."
bc_evac_orders_2025,BC evacuation orders issued,2025,42,orders,Evacuation orders in the 2025 season,Province of British Columbia (2025 wildfire summary),https://news.gov.bc.ca/releases/2025FOR0055-001162,webinar paper (Sept 2026); not re-checked,
bc_evac_alerts_2025,BC evacuation alerts issued,2025,91,alerts,Evacuation alerts in the 2025 season,Province of British Columbia (2025 wildfire summary),https://news.gov.bc.ca/releases/2025FOR0055-001162,webinar paper (Sept 2026); not re-checked,
isc_fn_evacuees_bc,First Nations wildfire evacuees in BC,2016-04-01 to 2026-03-31,11848,people,First Nations wildfire evacuees (on-reserve; numbers not final),Indigenous Services Canada,https://www.sac-isc.gc.ca/eng/1583177459681/1583177553276,webinar paper (Sept 2026); not re-checked,ISC states the numbers are not final and gives no community-level detail.
isc_fn_long_term_evacuees_bc,First Nations long-term wildfire evacuees in BC,2016-04-01 to 2026-03-31,1147,people,Evacuees displaced for more than 60 days,Indigenous Services Canada,https://www.sac-isc.gc.ca/eng/1583177459681/1583177553276,webinar paper (Sept 2026); not re-checked,
statcan_indigenous_evac_share_2023,Share of 2023 wildfire evacuations from majority-Indigenous communities,2023,42,percent,"Evacuations from communities where more than half of residents are Indigenous; Indigenous people were about 5% of Canada's population (2021 Census)",Statistics Canada (Environment Fact Sheets 16-002-X),https://www150.statcan.gc.ca/n1/pub/16-002-x/2026001/article/00002-eng.htm,webinar paper (Sept 2026); not re-checked,
firesmart_funding_dispersed,FireSmart community funding dispersed since 2019,as of 2026-02,71000000,CAD,Approximate dollars dispersed to communities,Province of British Columbia (FireSmart Community Funding and Supports),https://www2.gov.bc.ca/gov/content/safety/wildfire-status/prevention/funding-for-wildfire-prevention/crip/fcfs,source page (checked 2026-09-20),No per-community list is published. Contact UBCM (cri-swpi@ubcm.ca) for breakdowns.
firesmart_communities_funded,Communities receiving FireSmart funding since 2019,as of 2026-02,265,communities,Communities that received funding,Province of British Columbia (FireSmart Community Funding and Supports),https://www2.gov.bc.ca/gov/content/safety/wildfire-status/prevention/funding-for-wildfire-prevention/crip/fcfs,source page (checked 2026-09-20),
fness_training_sessions,FNESS emergency-management training sessions,2026-01 to 2026-06,21,sessions,Online sessions delivered,First Nations' Emergency Services Society,https://www.fness.bc.ca/building-stronger-communities-emergency-preparedness/,webinar paper (Sept 2026); not re-checked,
fness_training_participants,FNESS training participants,2026-01 to 2026-06,250,people,"Participants from 110 Nations",First Nations' Emergency Services Society,https://www.fness.bc.ca/building-stronger-communities-emergency-preparedness/,webinar paper (Sept 2026); not re-checked,
